short,long
mdns,https://apps.apple.com/us/app/telegram-messenger/id686449807
coronatrigger,https://play.google.com/store/apps/details?id=org.telegram.messenger&hl=en_US
CONGO,https://youtu.be/GG10LoOrc8Q
videofix,https://play.google.com/store/apps/details?id=org.telegram.messenger&hl=en_US
ios,https://apps.apple.com/us/app/telegram-messenger/id686449807
and,https://play.google.com/store/apps/details?id=org.telegram.messenger&hl=en_US
lansomvale,http://wolf3d.is.dam.cool/
%D0%B2%D0%B8%D1%80%D1%83%D1%81,http://wolf3d.is.dam.cool/
xn--b1amyej,http://wolf3d.is.dam.cool/
san-juan-pr,https://play.google.com/store/apps/details?id=org.telegram.messenger&hl=en_US
breeze-vape-health-risks,https://apps.apple.com/us/app/telegram-messenger/id686449807
dabliz,https://www.mossad.gov.il/Pages/default.aspx
video,https://play.google.com/store/apps/details?id=org.telegram.messenger&hl=en_US
world-government-organization,https://apps.apple.com/us/app/telegram-messenger/id686449807
hair-length-cancer-risk,https://apps.apple.com/us/app/telegram-messenger/id686449807
ninekeyboard,https://goo.gl/maps/D1AvbLZPTMBM9JRLA
xxxtreme-gaymer-9keyboard,https://amazon.com/dp/B07RHYTR4Y
